Datetime	Emma	Callum
2017-06-28 13:50	698	811
2017-06-28 13:51	700	812
2017-06-28 13:51	697	810
2017-06-28 13:52	685	811
2017-06-28 13:53	677	812
2017-06-28 13:54	679	811
2017-06-28 13:54	683	812
2017-06-28 13:55	670	812
2017-06-28 13:56	669	813
2017-06-28 13:57	674	812
2017-06-28 13:57	676	811
2017-06-28 13:58	677	809
2017-06-28 13:59	680	810
2017-06-28 14:00	683	809
2017-06-28 14:00	686	809
2017-06-28 14:01	685	810
2017-06-28 14:02	684	809
2017-06-28 14:03	682	809
2017-06-28 14:03	681	809
2017-06-28 14:04	683	810
2017-06-28 14:05	685	809
2017-06-28 14:06	686	810
2017-06-28 14:06	688	809
2017-06-28 14:07	689	810
2017-06-28 14:08	690	810
2017-06-28 14:09	694	812
2017-06-28 14:09	693	812
2017-06-28 14:10	697	811
2017-06-28 14:11	699	812
2017-06-28 14:12	697	811
2017-06-28 14:12	701	812
2017-06-28 14:13	700	812
2017-06-28 14:14	702	811
2017-06-28 14:15	700	811
2017-06-28 14:15	704	811
2017-06-28 14:16	702	814
2017-06-28 14:17	699	812
2017-06-28 14:18	700	813
2017-06-28 14:18	701	810
2017-06-28 14:19	703	810
2017-06-28 14:20	709	809
2017-06-28 14:21	713	807
2017-06-28 14:21	714	808
2017-06-28 14:22	718	810
2017-06-28 14:23	724	810
2017-06-28 14:24	728	810
2017-06-28 14:24	725	814
2017-06-28 14:25	706	814
2017-06-28 14:26	697	814
2017-06-28 14:27	684	814
2017-06-28 14:27	676	814
2017-06-28 14:28	669	814
2017-06-28 14:29	664	811
2017-06-28 14:30	660	809
2017-06-28 14:30	657	811
2017-06-28 14:31	657	810
2017-06-28 14:32	656	810
2017-06-28 14:33	652	810
2017-06-28 14:33	654	810
2017-06-28 14:34	657	810
2017-06-28 14:35	658	810
2017-06-28 14:36	663	810
2017-06-28 14:36	663	811
2017-06-28 14:37	665	812
2017-06-28 14:38	664	811
2017-06-28 14:39	666	811
2017-06-28 14:39	667	811
2017-06-28 14:40	668	810
2017-06-28 14:41	669	810
2017-06-28 14:42	671	810
2017-06-28 14:42	676	810
2017-06-28 14:43	677	810
2017-06-28 14:44	680	810
2017-06-28 14:45	685	809
2017-06-28 14:45	685	809
2017-06-28 14:46	681	810
2017-06-28 14:47	676	810
2017-06-28 14:48	677	809
2017-06-28 14:48	676	810
2017-06-28 14:49	675	810
2017-06-28 14:50	676	810
2017-06-28 14:51	679	809
2017-06-28 14:51	680	809
2017-06-28 14:52	683	809
2017-06-28 14:53	685	811
2017-06-28 14:54	685	811
2017-06-28 14:54	690	809
2017-06-28 14:55	688	810
2017-06-28 14:56	692	810
2017-06-28 14:57	684	810
2017-06-28 14:57	681	810
2017-06-28 14:58	677	811
2017-06-28 14:59	675	812
2017-06-28 15:00	672	812
2017-06-28 15:00	671	812
2017-06-28 15:01	671	812
2017-06-28 15:02	673	813
2017-06-28 15:03	675	812
2017-06-28 15:03	680	813
2017-06-28 15:04	686	813
2017-06-28 15:05	688	814
2017-06-28 15:06	691	813
2017-06-28 15:06	692	814
2017-06-28 15:07	694	814
2017-06-28 15:08	692	813
2017-06-28 15:09	675	813
2017-06-28 15:09	678	811
2017-06-28 15:10	686	811
2017-06-28 15:11	699	810
2017-06-28 15:12	690	810
2017-06-28 15:12	686	809
2017-06-28 15:13	682	809
2017-06-28 15:14	681	809
2017-06-28 15:15	675	799
2017-06-28 15:15	667	801
2017-06-28 15:16	666	799
2017-06-28 15:17	663	801
2017-06-28 15:18	660	799
2017-06-28 15:18	661	808
2017-06-28 15:19	659	808
2017-06-28 15:20	658	807
2017-06-28 15:21	657	807
2017-06-28 15:21	656	807
2017-06-28 15:22	657	806
2017-06-28 15:23	656	806
2017-06-28 15:24	807	805
2017-06-28 15:24	728	805
2017-06-28 15:25	738	805
2017-06-28 15:26	743	805
2017-06-28 15:27	747	805
2017-06-28 15:27	750	805
2017-06-28 15:28	748	806
2017-06-28 15:29	750	806
2017-06-28 15:30	764	805
2017-06-28 15:30	761	805
2017-06-28 15:31	762	807
2017-06-28 15:32	769	808
2017-06-28 15:33	769	807
2017-06-28 15:33	768	808
2017-06-28 15:34	775	809
2017-06-28 15:35	765	809
2017-06-28 15:36	749	809
2017-06-28 15:36	742	809
2017-06-28 15:37	738	809
2017-06-28 15:38	735	808
2017-06-28 15:39	733	809
2017-06-28 15:39	731	808
2017-06-28 15:40	740	807
2017-06-28 15:41	740	807
2017-06-28 15:42	738	807
2017-06-28 15:42	739	807
2017-06-28 15:43	739	807
2017-06-28 15:44	767	807
2017-06-28 15:45	748	808
2017-06-28 15:45	737	808
2017-06-28 15:46	748	810
2017-06-28 15:47	751	808
2017-06-28 15:48	756	808
2017-06-28 15:48	765	808
2017-06-28 15:49	776	808
2017-06-28 15:50	770	808
2017-06-28 15:51	768	809
2017-06-28 15:51	769	809
2017-06-28 15:52	771	809
2017-06-28 15:53	767	808
2017-06-28 15:54	767	808
2017-06-28 15:54	763	808
2017-06-28 15:55	769	807
2017-06-28 15:56	749	808
2017-06-28 15:57	745	808
2017-06-28 15:57	739	808
2017-06-28 15:58	738	807
2017-06-28 15:59	743	806
2017-06-28 16:00	748	807
2017-06-28 16:00	750	807
2017-06-28 16:01	740	807
2017-06-28 16:02	755	807
2017-06-28 16:03	753	807
2017-06-28 16:03	761	806
2017-06-28 16:04	757	807
2017-06-28 16:05	754	807
2017-06-28 16:06	747	807
2017-06-28 16:06	747	807
2017-06-28 16:07	751	808
2017-06-28 16:08	764	809
2017-06-28 16:09	749	809
2017-06-28 16:09	744	808
2017-06-28 16:10	758	809
2017-06-28 16:11	756	809
2017-06-28 16:12	762	811
2017-06-28 16:12	746	811
2017-06-28 16:13	757	811
2017-06-28 16:14	768	812
2017-06-28 16:15	777	812
2017-06-28 16:15	770	812
2017-06-28 16:16	768	813
2017-06-28 16:17	764	812
2017-06-28 16:18	766	810
2017-06-28 16:18	765	810
2017-06-28 16:19	762	809
2017-06-28 16:20	758	809
2017-06-28 16:21	754	808
2017-06-28 16:21	754	809
2017-06-28 16:22	752	809
2017-06-28 16:23	752	808
2017-06-28 16:24	752	808
2017-06-28 16:24	750	808
2017-06-28 16:25	751	808
2017-06-28 16:26	748	808
2017-06-28 16:27	753	808
2017-06-28 16:27	754	808
2017-06-28 16:28	755	809
2017-06-28 16:29	755	808
2017-06-28 16:30	756	810
2017-06-28 16:30	758	810
2017-06-28 16:31	760	809
2017-06-28 16:32	765	807
2017-06-28 16:33	768	805
2017-06-28 16:33	775	807
2017-06-28 16:34	777	809
2017-06-28 16:35	781	808
2017-06-28 16:36	783	808
2017-06-28 16:36	787	808
2017-06-28 16:37	789	810
2017-06-28 16:38	792	810
2017-06-28 16:39	795	811
2017-06-28 16:39	792	810
2017-06-28 16:40	789	809
2017-06-28 16:41	790	809
2017-06-28 16:42	789	809
2017-06-28 16:42	779	809
2017-06-28 16:43	776	808
2017-06-28 16:44	776	809
2017-06-28 16:45	772	808
2017-06-28 16:45	768	806
2017-06-28 16:46	762	807
2017-06-28 16:47	758	809
2017-06-28 16:48	756	808
2017-06-28 16:48	757	806
2017-06-28 16:49	754	805
2017-06-28 16:50	753	808
2017-06-28 16:51	751	808
2017-06-28 16:51	751	808
2017-06-28 16:52	751	809
2017-06-28 16:53	752	809
2017-06-28 16:54	752	808
2017-06-28 16:54	754	807
2017-06-28 16:55	754	808
2017-06-28 16:56	753	808
2017-06-28 16:57	754	809
2017-06-28 16:57	755	810
2017-06-28 16:58	755	809
2017-06-28 16:59	756	811
2017-06-28 17:00	757	805
2017-06-28 17:00	760	812
2017-06-28 17:01	762	814
2017-06-28 17:02	763	814
2017-06-28 17:03	767	814
2017-06-28 17:03	767	814
2017-06-28 17:04	768	814
2017-06-28 17:05	765	816
2017-06-28 17:06	766	816
2017-06-28 17:06	766	816
2017-06-28 17:07	766	814
2017-06-28 17:08	768	816
2017-06-28 17:09	768	817
2017-06-28 17:09	770	817
2017-06-28 17:10	773	818
2017-06-28 17:11	774	817
2017-06-28 17:12	777	817
2017-06-28 17:12	774	816
2017-06-28 17:13	772	817
2017-06-28 17:14	770	816
2017-06-28 17:15	769	813
2017-06-28 17:15	767	815
2017-06-28 17:16	766	815
2017-06-28 17:17	767	814
2017-06-28 17:18	766	813
2017-06-28 17:18	766	813
2017-06-28 17:19	771	815
2017-06-28 17:20	777	815
2017-06-28 17:21	776	815
2017-06-28 17:21	775	816
2017-06-28 17:22	772	816
2017-06-28 17:23	769	815
2017-06-28 17:24	765	814
2017-06-28 17:24	763	814
2017-06-28 17:25	761	814
2017-06-28 17:26	759	814
2017-06-28 17:27	759	814
2017-06-28 17:27	758	812
2017-06-28 17:28	757	813
2017-06-28 17:29	755	813
2017-06-28 17:30	752	814
2017-06-28 17:30	751	813
2017-06-28 17:31	750	812
2017-06-28 17:32	747	815
2017-06-28 17:33	747	813
2017-06-28 17:33	747	813
2017-06-28 17:34	749	814
2017-06-28 17:35	751	813
2017-06-28 17:36	754	814
2017-06-28 17:36	759	814
2017-06-28 17:37	762	814
2017-06-28 17:38	764	785
2017-06-28 17:39	767	260
2017-06-28 17:39	767	262
2017-06-28 17:40	768	263
2017-06-28 17:41	769	273
2017-06-28 17:42	770	811
2017-06-28 17:42	769	818
2017-06-28 17:43	770	820
2017-06-28 17:44	772	819
2017-06-28 17:45	774	818
2017-06-28 17:45	790	817
2017-06-28 17:46	802	815
2017-06-28 17:47	807	815
2017-06-28 17:48	806	814
2017-06-28 17:49	804	814
2017-06-28 17:49	805	814
2017-06-28 17:50	804	814
2017-06-28 17:51	801	814
2017-06-28 17:52	798	815
2017-06-28 17:52	795	814
2017-06-28 17:53	799	815
2017-06-28 17:54	801	814
2017-06-28 17:55	799	815
2017-06-28 17:55	797	815
2017-06-28 17:56	795	814
2017-06-28 17:57	794	814
2017-06-28 17:58	793	814
2017-06-28 17:58	794	813
2017-06-28 17:59	793	814
2017-06-28 18:00	793	814
2017-06-28 18:01	794	814
2017-06-28 18:01	794	785
2017-06-28 18:02	795	249
2017-06-28 18:03	799	249
2017-06-28 18:04	801	253
2017-06-28 18:04	798	255
2017-06-28 18:05	795	257
2017-06-28 18:06	790	256
2017-06-28 18:07	787	256
2017-06-28 18:07	786	256
2017-06-28 18:08	786	255
2017-06-28 18:09	784	256
2017-06-28 18:10	783	255
2017-06-28 18:10	782	246
2017-06-28 18:11	781	784
2017-06-28 18:12	780	809
2017-06-28 18:13	685	818
2017-06-28 18:13	358	819
2017-06-28 18:14	354	818
2017-06-28 18:15	344	817
2017-06-28 18:16	340	815
2017-06-28 18:16	333	815
2017-06-28 18:17	328	814
2017-06-28 18:18	327	814
2017-06-28 18:19	330	814
2017-06-28 18:19	336	813
2017-06-28 18:20	331	813
2017-06-28 18:21	332	812
2017-06-28 18:22	324	812
2017-06-28 18:22	316	811
2017-06-28 18:23	311	812
2017-06-28 18:24	310	811
2017-06-28 18:25	306	813
2017-06-28 18:25	303	812
2017-06-28 18:26	305	810
2017-06-28 18:27	301	811
2017-06-28 18:28	298	811
2017-06-28 18:28	297	811
2017-06-28 18:29	298	810
2017-06-28 18:30	296	810
2017-06-28 18:31	302	810
2017-06-28 18:31	307	811
2017-06-28 18:32	320	811
2017-06-28 18:33	327	808
2017-06-28 18:34	335	808
2017-06-28 18:34	340	809
2017-06-28 18:35	349	808
2017-06-28 18:36	349	809
2017-06-28 18:37	353	115
2017-06-28 18:37	353	114
2017-06-28 18:38	352	116
2017-06-28 18:39	361	192
2017-06-28 18:40	373	213
2017-06-28 18:40	391	226
2017-06-28 18:41	399	230
2017-06-28 18:42	407	230
2017-06-28 18:43	413	230
2017-06-28 18:43	426	230
2017-06-28 18:44	419	231
2017-06-28 18:45	403	232
2017-06-28 18:46	391	232
2017-06-28 18:46	382	232
2017-06-28 18:47	364	230
2017-06-28 18:48	349	229
2017-06-28 18:49	344	229
2017-06-28 18:49	339	228
2017-06-28 18:50	338	228
2017-06-28 18:51	337	229
2017-06-28 18:52	340	229
2017-06-28 18:52	661	229
2017-06-28 18:53	741	228
2017-06-28 18:54	770	227
2017-06-28 18:55	780	225
2017-06-28 18:55	785	224
2017-06-28 18:56	787	222
2017-06-28 18:57	785	221
2017-06-28 18:58	783	220
2017-06-28 18:58	781	219
2017-06-28 18:59	779	218
2017-06-28 19:00	777	217
2017-06-28 19:01	774	216
2017-06-28 19:01	771	215
2017-06-28 19:02	770	215
2017-06-28 19:03	770	214
2017-06-28 19:04	769	215
2017-06-28 19:04	768	214
2017-06-28 19:05	773	738
2017-06-28 19:06	787	787
2017-06-28 19:07	789	808
2017-06-28 19:07	785	815
2017-06-28 19:08	785	818
2017-06-28 19:09	788	817
2017-06-28 19:10	791	816
2017-06-28 19:10	793	814
2017-06-28 19:11	795	814
2017-06-28 19:12	796	814
2017-06-28 19:13	262	814
2017-06-28 19:13	257	813
2017-06-28 19:14	251	813
2017-06-28 19:15	240	813
2017-06-28 19:16	237	813
2017-06-28 19:16	231	812
2017-06-28 19:17	217	811
2017-06-28 19:18	218	811
2017-06-28 19:19	211	811
2017-06-28 19:19	220	811
2017-06-28 19:20	224	811
2017-06-28 19:21	230	811
2017-06-28 19:22	229	811
2017-06-28 19:22	224	810
2017-06-28 19:23	223	810
2017-06-28 19:24	227	811
2017-06-28 19:25	222	811
2017-06-28 19:25	224	807
2017-06-28 19:26	222	807
2017-06-28 19:27	237	807
2017-06-28 19:28	245	810
2017-06-28 19:28	243	810
2017-06-28 19:29	263	411
2017-06-28 19:30	276	213
2017-06-28 19:31	278	212
2017-06-28 19:31	285	211
2017-06-28 19:32	277	211
2017-06-28 19:33	268	212
2017-06-28 19:34	252	212
2017-06-28 19:34	238	212
2017-06-28 19:35	224	212
2017-06-28 19:36	213	211
2017-06-28 19:37	205	211
2017-06-28 19:37	199	211
2017-06-28 19:38	193	211
2017-06-28 19:39	189	211
2017-06-28 19:40	185	211
2017-06-28 19:40	178	211
2017-06-28 19:41	172	211
2017-06-28 19:42	170	210
2017-06-28 19:43	168	210
2017-06-28 19:43	156	92
2017-06-28 19:44	158	92
2017-06-28 19:45	158	93
2017-06-28 19:46	157	94
2017-06-28 19:46	153	93
2017-06-28 19:47	150	92
2017-06-28 19:48	140	90
2017-06-28 19:49	134	89
2017-06-28 19:49	133	87
2017-06-28 19:50	133	86
2017-06-28 19:51	140	85
2017-06-28 19:52	137	85
2017-06-28 19:52	135	85
2017-06-28 19:53	129	84
2017-06-28 19:54	127	83
2017-06-28 19:55	123	82
2017-06-28 19:55	124	82
2017-06-28 19:56	120	81
2017-06-28 19:57	114	80
2017-06-28 19:58	108	80
2017-06-28 19:58	104	80
2017-06-28 19:59	100	79
2017-06-28 20:00	108	79
2017-06-28 20:01	113	79
2017-06-28 20:01	115	79
2017-06-28 20:02	117	79
2017-06-28 20:03	122	79
2017-06-28 20:04	120	79
2017-06-28 20:04	130	79
2017-06-28 20:05	128	80
2017-06-28 20:06	138	81
2017-06-28 20:07	143	82
2017-06-28 20:07	150	83
2017-06-28 20:08	146	84
2017-06-28 20:09	142	85
2017-06-28 20:10	133	84
2017-06-28 20:10	134	85
2017-06-28 20:11	138	83
2017-06-28 20:12	140	83
2017-06-28 20:13	151	82
2017-06-28 20:13	160	82
2017-06-28 20:14	156	81
2017-06-28 20:15	152	81
2017-06-28 20:16	150	81
2017-06-28 20:16	149	81
2017-06-28 20:17	153	81
2017-06-28 20:18	142	81
2017-06-28 20:19	138	81
2017-06-28 20:19	149	80
2017-06-28 20:20	142	80
2017-06-28 20:21	143	80
2017-06-28 20:22	144	81
2017-06-28 20:22	143	81
2017-06-28 20:23	142	81
2017-06-28 20:24	145	82
2017-06-28 20:25	150	83
2017-06-28 20:25	140	83
2017-06-28 20:26	125	82
2017-06-28 20:27	111	82
2017-06-28 20:28	103	82
2017-06-28 20:28	100	81
2017-06-28 20:29	97	81
2017-06-28 20:30	102	80
2017-06-28 20:31	100	80
2017-06-28 20:31	105	80
2017-06-28 20:32	115	80
2017-06-28 20:33	135	80
2017-06-28 20:34	134	80
2017-06-28 20:34	112	79
2017-06-28 20:35	107	78
2017-06-28 20:36	103	78
2017-06-28 20:37	95	77
2017-06-28 20:37	95	76
2017-06-28 20:38	92	77
2017-06-28 20:39	90	76
2017-06-28 20:40	90	76
2017-06-28 20:40	93	76
2017-06-28 20:41	86	76
2017-06-28 20:42	79	76
2017-06-28 20:43	81	76
2017-06-28 20:43	81	75
2017-06-28 20:44	74	75
2017-06-28 20:45	68	76
2017-06-28 20:46	63	75
2017-06-28 20:46	57	75
2017-06-28 20:47	55	75
2017-06-28 20:48	52	75
2017-06-28 20:49	49	75
2017-06-28 20:49	45	75
2017-06-28 20:50	43	75
2017-06-28 20:51	56	74
2017-06-28 20:52	57	74
2017-06-28 20:52	48	75
2017-06-28 20:53	43	74
2017-06-28 20:54	38	74
2017-06-28 20:55	36	73
2017-06-28 20:55	35	73
2017-06-28 20:56	35	72
2017-06-28 20:57	35	73
2017-06-28 20:58	35	72
2017-06-28 20:58	36	72
2017-06-28 20:59	36	72
2017-06-28 21:00	38	72
2017-06-28 21:01	39	72
2017-06-28 21:01	39	72
2017-06-28 21:02	40	72
2017-06-28 21:03	40	71
2017-06-28 21:04	39	71
2017-06-28 21:04	39	765
2017-06-28 21:05	39	797
2017-06-28 21:06	40	810
2017-06-28 21:07	36	816
2017-06-28 21:07	36	817
2017-06-28 21:08	35	815
2017-06-28 21:09	35	812
2017-06-28 21:10	33	810
2017-06-28 21:10	31	811
2017-06-28 21:11	31	811
2017-06-28 21:12	31	811
2017-06-28 21:13	30	810
2017-06-28 21:13	29	811
2017-06-28 21:14	28	811
2017-06-28 21:15	25	812
2017-06-28 21:16	24	813
2017-06-28 21:16	24	814
2017-06-28 21:17	24	813
2017-06-28 21:18	22	813
2017-06-28 21:19	21	812
2017-06-28 21:19	21	811
2017-06-28 21:20	21	811
2017-06-28 21:21	19	808
2017-06-28 21:22	19	807
2017-06-28 21:22	20	806
2017-06-28 21:23	18	806
2017-06-28 21:24	17	806
2017-06-28 21:25	17	59
2017-06-28 21:25	16	60
2017-06-28 21:26	16	60
2017-06-28 21:27	14	60
2017-06-28 21:28	13	60
2017-06-28 21:28	14	60
2017-06-28 21:29	11	60
2017-06-28 21:30	9	60
2017-06-28 21:31	9	60
2017-06-28 21:31	7	59
2017-06-28 21:32	6	60
2017-06-28 21:33	5	60
2017-06-28 21:34	4	60
2017-06-28 21:34	4	60
2017-06-28 21:35	4	59
2017-06-28 21:36	5	60
2017-06-28 21:37	5	59
2017-06-28 21:37	4	59
2017-06-28 21:38	4	59
2017-06-28 21:39	3	59
2017-06-28 21:40	4	59
2017-06-28 21:40	3	60
2017-06-28 21:41	3	60
2017-06-28 21:42	2	60
2017-06-28 21:43	2	60
2017-06-28 21:43	2	60
2017-06-28 21:44	2	60
2017-06-28 21:45	2	60
2017-06-28 21:46	1	60
2017-06-28 21:46	2	60
2017-06-28 21:47	1	60
2017-06-28 21:48	1	60
2017-06-28 21:49	1	60
2017-06-28 21:49	2	60
2017-06-28 21:50	1	60
2017-06-28 21:51	1	60
2017-06-28 21:52	1	60
2017-06-28 21:52	1	60
2017-06-28 21:53	1	60
2017-06-28 21:54	0	60
2017-06-28 21:55	0	60
2017-06-28 21:55	1	60
2017-06-28 21:56	0	60
2017-06-28 21:57	0	59
2017-06-28 21:58	0	60
2017-06-28 21:58	0	60
2017-06-28 21:59	0	60
2017-06-28 22:00	0	60
2017-06-28 22:01	0	60
2017-06-28 22:01	0	60
2017-06-28 22:02	0	60
2017-06-28 22:03	0	60
2017-06-28 22:04	0	60
2017-06-28 22:04	0	60
2017-06-28 22:05	0	59
2017-06-28 22:06	0	59
2017-06-28 22:07	0	60
2017-06-28 22:07	0	60
2017-06-28 22:08	0	60
2017-06-28 22:09	0	59
2017-06-28 22:10	0	60
2017-06-28 22:10	0	60
2017-06-28 22:11	0	60
2017-06-28 22:12	0	59
2017-06-28 22:13	0	59
2017-06-28 22:13	0	60
2017-06-28 22:14	0	60
2017-06-28 22:15	0	60
2017-06-28 22:16	0	60
2017-06-28 22:16	0	60
2017-06-28 22:17	0	60
2017-06-28 22:18	0	60
2017-06-28 22:19	0	60
2017-06-28 22:19	0	60
2017-06-28 22:20	0	60
2017-06-28 22:21	0	60
2017-06-28 22:22	0	60
2017-06-28 22:22	0	60
2017-06-28 22:23	0	60
2017-06-28 22:24	0	60
2017-06-28 22:25	0	60
2017-06-28 22:25	0	60
2017-06-28 22:26	0	60
2017-06-28 22:27	0	60
2017-06-28 22:28	0	60
2017-06-28 22:28	0	60
2017-06-28 22:29	0	60
2017-06-28 22:30	0	60
2017-06-28 22:31	0	60
2017-06-28 22:32	0	60
2017-06-28 22:32	0	60
2017-06-28 22:33	0	60
2017-06-28 22:34	0	60
2017-06-28 22:35	0	60
2017-06-28 22:35	0	60
2017-06-28 22:36	0	60
2017-06-28 22:37	0	60
2017-06-28 22:38	0	60
2017-06-28 22:38	0	60
2017-06-28 22:39	0	60
2017-06-28 22:40	0	60
2017-06-28 22:41	0	60
2017-06-28 22:41	0	60
2017-06-28 22:42	0	59
2017-06-28 22:43	0	60
2017-06-28 22:44	0	60
2017-06-28 22:44	0	60
2017-06-28 22:45	0	60
2017-06-28 22:46	0	60
2017-06-28 22:47	0	60
2017-06-28 22:47	0	60
2017-06-28 22:48	0	60
2017-06-28 22:49	0	60
2017-06-28 22:50	0	60
2017-06-28 22:50	0	60
2017-06-28 22:51	0	60
2017-06-28 22:52	0	60
2017-06-28 22:53	0	60
2017-06-28 22:53	0	60
2017-06-28 22:54	0	60
2017-06-28 22:55	0	60
2017-06-28 22:56	0	60
2017-06-28 22:56	0	60
2017-06-28 22:57	0	60
2017-06-28 22:58	0	60
2017-06-28 22:59	0	60
2017-06-28 22:59	0	60
2017-06-28 23:00	0	60
2017-06-28 23:01	0	60
2017-06-28 23:02	0	60
2017-06-28 23:02	0	60
2017-06-28 23:03	0	60
2017-06-28 23:04	0	60
2017-06-28 23:05	0	60
2017-06-28 23:05	0	60
2017-06-28 23:06	0	60
2017-06-28 23:07	0	60
2017-06-28 23:08	0	61
2017-06-28 23:08	0	60
2017-06-28 23:09	0	61
2017-06-28 23:10	0	60
2017-06-28 23:11	0	60
2017-06-28 23:11	0	60
2017-06-28 23:12	0	60
2017-06-28 23:13	0	60
2017-06-28 23:14	0	60
2017-06-28 23:14	0	60
2017-06-28 23:15	0	60
2017-06-28 23:16	0	60
2017-06-28 23:17	0	60
2017-06-28 23:17	0	60
2017-06-28 23:18	0	60
2017-06-28 23:19	0	60
2017-06-28 23:20	0	60
2017-06-28 23:20	0	61
2017-06-28 23:21	0	60
2017-06-28 23:22	0	60
2017-06-28 23:23	0	60
2017-06-28 23:23	0	60
2017-06-28 23:24	0	60
2017-06-28 23:25	0	60
2017-06-28 23:26	0	60
2017-06-28 23:26	0	60
2017-06-28 23:27	0	60
2017-06-28 23:28	0	60
2017-06-28 23:29	0	60
2017-06-28 23:29	0	60
2017-06-28 23:30	0	60
2017-06-28 23:31	0	60
2017-06-28 23:32	0	60
2017-06-28 23:32	0	60
2017-06-28 23:33	0	61
2017-06-28 23:34	0	60
2017-06-28 23:35	0	61
2017-06-28 23:35	0	60
2017-06-28 23:36	0	60
2017-06-28 23:37	0	60
2017-06-28 23:38	0	60
2017-06-28 23:38	0	61
2017-06-28 23:39	0	60
2017-06-28 23:40	0	60
2017-06-28 23:41	0	60
2017-06-28 23:41	0	60
2017-06-28 23:42	0	60
2017-06-28 23:43	0	60
2017-06-28 23:44	0	61
2017-06-28 23:44	0	60
2017-06-28 23:45	0	60
2017-06-28 23:46	0	60
2017-06-28 23:47	0	60
2017-06-28 23:47	0	60
2017-06-28 23:48	0	60
2017-06-28 23:49	0	60
2017-06-28 23:50	0	60
2017-06-28 23:50	0	60
2017-06-28 23:51	0	60
2017-06-28 23:52	0	60
2017-06-28 23:53	0	60
2017-06-28 23:53	0	60
2017-06-28 23:54	0	60
2017-06-28 23:55	0	61
2017-06-28 23:56	0	60
2017-06-28 23:56	0	60
2017-06-28 23:57	0	60
2017-06-28 23:58	0	60
2017-06-28 23:59	0	60
2017-06-28 23:59	0	60
2017-06-29 00:00	0	60
2017-06-29 00:01	0	61
2017-06-29 00:02	0	60
2017-06-29 00:02	0	60
2017-06-29 00:03	0	60
2017-06-29 00:04	0	60
2017-06-29 00:05	0	60
2017-06-29 00:05	0	60
2017-06-29 00:06	0	60
2017-06-29 00:07	0	60
2017-06-29 00:08	0	60
2017-06-29 00:08	0	60
2017-06-29 00:09	0	60
2017-06-29 00:10	0	60
2017-06-29 00:11	0	60
2017-06-29 00:11	0	60
2017-06-29 00:12	0	60
2017-06-29 00:13	0	61
2017-06-29 00:14	0	60
2017-06-29 00:14	0	60
2017-06-29 00:15	0	60
2017-06-29 00:16	0	60
2017-06-29 00:17	0	60
2017-06-29 00:17	0	60
2017-06-29 00:18	0	60
2017-06-29 00:19	0	61
2017-06-29 00:20	0	60
2017-06-29 00:20	0	60
2017-06-29 00:21	0	60
2017-06-29 00:22	0	60
2017-06-29 00:23	0	61
2017-06-29 00:23	0	60
2017-06-29 00:24	0	60
2017-06-29 00:25	0	61
2017-06-29 00:26	0	60
2017-06-29 00:26	0	61
2017-06-29 00:27	0	61
2017-06-29 00:28	0	60
2017-06-29 00:29	0	60
2017-06-29 00:29	0	60
2017-06-29 00:30	0	60
2017-06-29 00:31	0	61
2017-06-29 00:32	0	60
2017-06-29 00:32	0	60
2017-06-29 00:33	0	61
2017-06-29 00:34	0	61
2017-06-29 00:35	0	61
2017-06-29 00:35	0	60
2017-06-29 00:36	0	60
2017-06-29 00:37	0	60
2017-06-29 00:38	0	60
2017-06-29 00:38	0	60
2017-06-29 00:39	0	61
2017-06-29 00:40	0	60
2017-06-29 00:41	0	60
2017-06-29 00:41	0	61
2017-06-29 00:42	0	60
2017-06-29 00:43	0	61
2017-06-29 00:44	0	60
2017-06-29 00:44	0	60
2017-06-29 00:45	0	60
2017-06-29 00:46	0	61
2017-06-29 00:47	0	60
2017-06-29 00:47	0	61
2017-06-29 00:48	0	60
2017-06-29 00:49	0	60
2017-06-29 00:50	0	60
2017-06-29 00:50	0	61
2017-06-29 00:51	0	60
2017-06-29 00:52	0	60
2017-06-29 00:53	0	60
2017-06-29 00:53	0	61
2017-06-29 00:54	0	61
2017-06-29 00:55	0	61
2017-06-29 00:56	0	60
2017-06-29 00:56	3	61
2017-06-29 00:57	6	60
2017-06-29 00:58	6	61
2017-06-29 00:59	6	60
2017-06-29 00:59	6	60
2017-06-29 01:00	7	60
2017-06-29 01:01	6	60
2017-06-29 01:02	6	61
2017-06-29 01:02	7	61
2017-06-29 01:03	7	61
2017-06-29 01:04	7	60
2017-06-29 01:05	6	60
2017-06-29 01:05	7	60
2017-06-29 01:06	6	60
2017-06-29 01:07	7	61
2017-06-29 01:08	7	61
2017-06-29 01:08	6	61
2017-06-29 01:09	6	61
2017-06-29 01:10	6	61
2017-06-29 01:11	6	61
2017-06-29 01:11	6	61
2017-06-29 01:12	6	61
2017-06-29 01:13	6	61
2017-06-29 01:14	6	61
2017-06-29 01:14	6	61
2017-06-29 01:15	6	60
2017-06-29 01:16	6	61
2017-06-29 01:17	0	60
2017-06-29 01:17	0	60
2017-06-29 01:18	0	61
2017-06-29 01:19	0	60
2017-06-29 01:20	0	61
2017-06-29 01:20	0	61
2017-06-29 01:21	0	61
2017-06-29 01:22	0	61
2017-06-29 01:23	0	60
2017-06-29 01:23	0	60
2017-06-29 01:24	0	60
2017-06-29 01:25	0	61
2017-06-29 01:26	0	61
2017-06-29 01:26	0	61
2017-06-29 01:27	0	60
2017-06-29 01:28	0	61
2017-06-29 01:29	0	61
2017-06-29 01:29	0	60
2017-06-29 01:30	0	61
2017-06-29 01:31	0	61
2017-06-29 01:32	0	61
2017-06-29 01:32	0	60
2017-06-29 01:33	0	61
2017-06-29 01:34	0	61
2017-06-29 01:35	0	61
2017-06-29 01:35	0	61
2017-06-29 01:36	0	61
2017-06-29 01:37	0	60
2017-06-29 01:38	0	60
2017-06-29 01:38	0	60
2017-06-29 01:39	0	61
2017-06-29 01:40	0	61
2017-06-29 01:41	0	61
2017-06-29 01:41	0	61
2017-06-29 01:42	0	61
2017-06-29 01:43	0	61
2017-06-29 01:44	0	61
2017-06-29 01:44	0	61
2017-06-29 01:45	0	61
2017-06-29 01:46	0	61
2017-06-29 01:47	0	61
2017-06-29 01:47	0	60
2017-06-29 01:48	0	61
2017-06-29 01:49	0	61
2017-06-29 01:50	0	61
2017-06-29 01:50	0	60
2017-06-29 01:51	0	61
2017-06-29 01:52	0	60
2017-06-29 01:53	0	61
2017-06-29 01:53	0	61
2017-06-29 01:54	0	61
2017-06-29 01:55	0	61
2017-06-29 01:56	0	61
2017-06-29 01:56	0	61
2017-06-29 01:57	0	61
2017-06-29 01:58	0	61
2017-06-29 01:59	0	61
2017-06-29 01:59	0	60
2017-06-29 02:00	0	61
2017-06-29 02:01	0	61
2017-06-29 02:02	0	61
2017-06-29 02:02	0	61
2017-06-29 02:03	0	61
2017-06-29 02:04	0	61
2017-06-29 02:05	0	60
2017-06-29 02:05	0	61
2017-06-29 02:06	0	61
2017-06-29 02:07	0	61
2017-06-29 02:08	0	61
2017-06-29 02:08	0	60
2017-06-29 02:09	0	61
2017-06-29 02:10	0	61
2017-06-29 02:11	0	61
2017-06-29 02:11	0	61
2017-06-29 02:12	0	60
2017-06-29 02:13	0	60
2017-06-29 02:14	0	61
2017-06-29 02:14	0	61
2017-06-29 02:15	0	61
2017-06-29 02:16	0	61
2017-06-29 02:17	0	60
2017-06-29 02:17	0	61
2017-06-29 02:18	0	60
2017-06-29 02:19	0	61
2017-06-29 02:20	0	61
2017-06-29 02:20	0	61
2017-06-29 02:21	0	61
2017-06-29 02:22	0	61
2017-06-29 02:23	0	61
2017-06-29 02:23	0	60
2017-06-29 02:24	0	61
2017-06-29 02:25	0	61
2017-06-29 02:26	0	60
2017-06-29 02:26	0	60
2017-06-29 02:27	0	60
2017-06-29 02:28	0	60
2017-06-29 02:29	0	60
2017-06-29 02:29	0	60
2017-06-29 02:30	0	61
2017-06-29 02:31	0	61
2017-06-29 02:32	0	60
2017-06-29 02:32	0	60
2017-06-29 02:33	0	60
2017-06-29 02:34	0	60
2017-06-29 02:35	0	60
2017-06-29 02:35	0	60
2017-06-29 02:36	0	60
2017-06-29 02:37	0	60
2017-06-29 02:38	0	60
2017-06-29 02:38	0	60
2017-06-29 02:39	0	61
2017-06-29 02:40	0	60
2017-06-29 02:41	0	60
2017-06-29 02:41	0	61
2017-06-29 02:42	0	60
2017-06-29 02:43	0	61
2017-06-29 02:44	0	61
2017-06-29 02:45	0	61
2017-06-29 02:45	0	60
2017-06-29 02:46	0	61
2017-06-29 02:47	0	60
2017-06-29 02:48	0	61
2017-06-29 02:48	0	61
2017-06-29 02:49	0	61
2017-06-29 02:50	0	61
2017-06-29 02:51	0	61
2017-06-29 02:51	0	61
2017-06-29 02:52	0	61
2017-06-29 02:53	0	61
2017-06-29 02:54	0	61
2017-06-29 02:54	0	61
2017-06-29 02:55	0	61
2017-06-29 02:56	0	61
2017-06-29 02:57	0	61
2017-06-29 02:57	0	61
2017-06-29 02:58	0	60
2017-06-29 02:59	0	61
2017-06-29 03:00	0	60
2017-06-29 03:00	0	60
2017-06-29 03:01	0	61
2017-06-29 03:02	0	61
2017-06-29 03:03	0	61
2017-06-29 03:03	0	61
2017-06-29 03:04	0	61
2017-06-29 03:05	0	61
2017-06-29 03:06	0	61
2017-06-29 03:06	0	61
2017-06-29 03:07	0	61
2017-06-29 03:08	0	61
2017-06-29 03:09	0	61
2017-06-29 03:09	0	61
2017-06-29 03:10	0	61
2017-06-29 03:11	0	61
2017-06-29 03:12	0	61
2017-06-29 03:12	0	61
2017-06-29 03:13	0	61
2017-06-29 03:14	0	61
2017-06-29 03:15	0	61
2017-06-29 03:15	0	60
2017-06-29 03:16	0	61
2017-06-29 03:17	0	61
2017-06-29 03:18	0	61
2017-06-29 03:18	0	60
2017-06-29 03:19	0	61
2017-06-29 03:20	0	61
2017-06-29 03:21	0	61
2017-06-29 03:21	0	61
2017-06-29 03:22	0	61
2017-06-29 03:23	0	61
2017-06-29 03:24	0	61
2017-06-29 03:24	0	61
2017-06-29 03:25	0	61
2017-06-29 03:26	0	60
2017-06-29 03:27	0	61
2017-06-29 03:27	0	61
2017-06-29 03:28	0	60
2017-06-29 03:29	0	61
2017-06-29 03:30	0	61
2017-06-29 03:30	0	61
2017-06-29 03:31	0	61
2017-06-29 03:32	1	61
2017-06-29 03:33	0	61
2017-06-29 03:33	0	61
2017-06-29 03:34	0	61
2017-06-29 03:35	0	61
2017-06-29 03:36	0	61
2017-06-29 03:36	0	61
2017-06-29 03:37	0	61
2017-06-29 03:38	0	61
2017-06-29 03:39	0	60
2017-06-29 03:39	0	61
2017-06-29 03:40	0	61
2017-06-29 03:41	1	61
2017-06-29 03:42	0	61
2017-06-29 03:42	0	61
2017-06-29 03:43	0	61
2017-06-29 03:44	0	61
2017-06-29 03:45	0	61
2017-06-29 03:45	0	61
2017-06-29 03:46	0	61
2017-06-29 03:47	0	61
2017-06-29 03:48	0	61
2017-06-29 03:48	0	60
2017-06-29 03:49	0	61
2017-06-29 03:50	0	61
2017-06-29 03:51	0	61
2017-06-29 03:51	0	61
2017-06-29 03:52	0	61
2017-06-29 03:53	0	61
2017-06-29 03:54	0	61
2017-06-29 03:54	0	61
2017-06-29 03:55	0	61
2017-06-29 03:56	0	61
2017-06-29 03:57	0	61
2017-06-29 03:57	0	61
2017-06-29 03:58	0	61
2017-06-29 03:59	0	61
2017-06-29 04:00	0	61
2017-06-29 04:00	0	61
2017-06-29 04:01	0	61
2017-06-29 04:02	0	61
2017-06-29 04:03	0	61
2017-06-29 04:03	0	61
2017-06-29 04:04	0	61
2017-06-29 04:05	0	61
2017-06-29 04:06	0	60
2017-06-29 04:06	1	60
2017-06-29 04:07	0	61
2017-06-29 04:08	0	61
2017-06-29 04:09	0	61
2017-06-29 04:09	0	61
2017-06-29 04:10	1	61
2017-06-29 04:11	0	61
2017-06-29 04:12	0	61
2017-06-29 04:12	1	61
2017-06-29 04:13	2	61
2017-06-29 04:14	1	61
2017-06-29 04:15	1	61
2017-06-29 04:15	1	61
2017-06-29 04:16	1	61
2017-06-29 04:17	1	61
2017-06-29 04:18	2	61
2017-06-29 04:18	2	61
2017-06-29 04:19	2	61
2017-06-29 04:20	2	61
2017-06-29 04:21	3	61
2017-06-29 04:21	4	61
2017-06-29 04:22	3	61
2017-06-29 04:23	4	61
2017-06-29 04:24	4	61
2017-06-29 04:24	5	61
2017-06-29 04:25	5	61
2017-06-29 04:26	5	62
2017-06-29 04:27	6	61
2017-06-29 04:27	7	62
2017-06-29 04:28	8	62
2017-06-29 04:29	9	62
2017-06-29 04:30	10	62
2017-06-29 04:30	11	62
2017-06-29 04:31	11	62
2017-06-29 04:32	13	62
2017-06-29 04:33	14	63
2017-06-29 04:33	16	62
2017-06-29 04:34	17	63
2017-06-29 04:35	17	62
2017-06-29 04:36	19	63
2017-06-29 04:36	20	63
2017-06-29 04:37	21	63
2017-06-29 04:38	23	63
2017-06-29 04:39	23	63
2017-06-29 04:39	24	63
2017-06-29 04:40	25	63
2017-06-29 04:41	27	64
2017-06-29 04:42	27	64
2017-06-29 04:42	29	64
2017-06-29 04:43	30	64
2017-06-29 04:44	31	64
2017-06-29 04:45	33	64
2017-06-29 04:45	34	64
2017-06-29 04:46	37	65
2017-06-29 04:47	40	65
2017-06-29 04:48	42	65
2017-06-29 04:48	45	66
2017-06-29 04:49	48	66
2017-06-29 04:50	50	66
2017-06-29 04:51	52	66
2017-06-29 04:51	54	66
2017-06-29 04:52	55	67
2017-06-29 04:53	57	66
2017-06-29 04:54	59	66
2017-06-29 04:54	61	67
2017-06-29 04:55	63	67
2017-06-29 04:56	65	67
2017-06-29 04:57	68	68
2017-06-29 04:57	71	68
2017-06-29 04:58	73	68
2017-06-29 04:59	76	69
2017-06-29 05:00	79	69
2017-06-29 05:00	80	69
2017-06-29 05:01	82	69
2017-06-29 05:02	82	69
2017-06-29 05:03	82	69
2017-06-29 05:03	82	69
2017-06-29 05:04	81	69
2017-06-29 05:05	81	70
2017-06-29 05:06	80	70
2017-06-29 05:06	80	70
2017-06-29 05:07	81	70
2017-06-29 05:08	79	70
2017-06-29 05:09	81	70
2017-06-29 05:09	81	70
2017-06-29 05:10	82	70
2017-06-29 05:11	84	70
2017-06-29 05:12	87	70
2017-06-29 05:12	89	71
2017-06-29 05:13	92	71
2017-06-29 05:14	95	71
2017-06-29 05:15	96	71
2017-06-29 05:15	96	72
2017-06-29 05:16	97	72
2017-06-29 05:17	98	73
2017-06-29 05:18	101	73
2017-06-29 05:18	103	73
2017-06-29 05:19	110	74
2017-06-29 05:20	114	74
2017-06-29 05:21	113	74
2017-06-29 05:21	113	75
2017-06-29 05:22	112	74
2017-06-29 05:23	115	75
2017-06-29 05:24	119	76
2017-06-29 05:24	121	76
2017-06-29 05:25	124	77
2017-06-29 05:26	128	78
2017-06-29 05:27	135	78
2017-06-29 05:27	141	78
2017-06-29 05:28	147	79
2017-06-29 05:29	155	80
2017-06-29 05:30	159	80
2017-06-29 05:30	166	80
2017-06-29 05:31	168	81
2017-06-29 05:32	168	82
2017-06-29 05:33	169	83
2017-06-29 05:33	169	84
2017-06-29 05:34	166	84
2017-06-29 05:35	172	85
2017-06-29 05:36	174	85
2017-06-29 05:36	178	86
2017-06-29 05:37	184	86
2017-06-29 05:38	185	86
2017-06-29 05:39	186	87
2017-06-29 05:39	187	87
2017-06-29 05:40	187	87
2017-06-29 05:41	186	88
2017-06-29 05:42	187	89
2017-06-29 05:42	187	90
2017-06-29 05:43	195	90
2017-06-29 05:44	199	91
2017-06-29 05:45	207	92
2017-06-29 05:45	213	94
2017-06-29 05:46	224	95
2017-06-29 05:47	232	97
2017-06-29 05:48	237	98
2017-06-29 05:48	246	100
2017-06-29 05:49	259	101
2017-06-29 05:50	264	102
2017-06-29 05:51	267	102
2017-06-29 05:51	273	103
2017-06-29 05:52	275	104
2017-06-29 05:53	275	104
2017-06-29 05:54	277	105
2017-06-29 05:54	275	105
2017-06-29 05:55	276	104
2017-06-29 05:56	276	104
2017-06-29 05:57	272	103
2017-06-29 05:57	265	102
2017-06-29 05:58	261	100
2017-06-29 05:59	256	98
2017-06-29 06:00	256	97
2017-06-29 06:00	252	96
2017-06-29 06:01	250	96
2017-06-29 06:02	252	96
2017-06-29 06:03	254	95
2017-06-29 06:03	257	95
2017-06-29 06:04	256	95
2017-06-29 06:05	254	95
2017-06-29 06:06	253	96
2017-06-29 06:06	255	96
2017-06-29 06:07	255	97
2017-06-29 06:08	262	98
2017-06-29 06:09	256	99
2017-06-29 06:09	253	100
2017-06-29 06:10	257	101
2017-06-29 06:11	256	102
2017-06-29 06:12	257	102
2017-06-29 06:12	255	103
2017-06-29 06:13	258	105
2017-06-29 06:14	264	107
2017-06-29 06:15	272	109
2017-06-29 06:15	284	112
2017-06-29 06:16	296	114
2017-06-29 06:17	305	116
2017-06-29 06:18	315	118
2017-06-29 06:18	325	120
2017-06-29 06:19	333	122
2017-06-29 06:20	332	123
2017-06-29 06:21	329	124
2017-06-29 06:21	334	124
2017-06-29 06:22	338	125
2017-06-29 06:23	340	127
2017-06-29 06:24	344	128
2017-06-29 06:24	351	129
2017-06-29 06:25	351	130
2017-06-29 06:26	355	132
2017-06-29 06:27	357	133
2017-06-29 06:27	364	134
2017-06-29 06:28	370	135
2017-06-29 06:29	377	137
2017-06-29 06:30	377	138
2017-06-29 06:30	385	139
2017-06-29 06:31	392	141
2017-06-29 06:32	397	142
2017-06-29 06:33	397	142
2017-06-29 06:33	397	141
2017-06-29 06:34	400	141
2017-06-29 06:35	404	140
2017-06-29 06:36	406	140
2017-06-29 06:36	411	141
2017-06-29 06:37	419	143
2017-06-29 06:38	429	145
2017-06-29 06:39	432	145
2017-06-29 06:39	428	145
2017-06-29 06:40	426	144
2017-06-29 06:41	426	143
2017-06-29 06:42	425	142
2017-06-29 06:42	420	139
2017-06-29 06:43	413	137
2017-06-29 06:44	415	136
2017-06-29 06:45	413	139
2017-06-29 06:45	410	142
2017-06-29 06:46	416	143
2017-06-29 06:47	413	146
2017-06-29 06:48	410	147
2017-06-29 06:48	401	147
2017-06-29 06:49	395	147
2017-06-29 06:50	390	146
2017-06-29 06:51	385	144
2017-06-29 06:51	385	143
2017-06-29 06:52	381	141
2017-06-29 06:53	384	140
2017-06-29 06:54	385	139
2017-06-29 06:54	385	138
2017-06-29 06:55	378	136
2017-06-29 06:56	375	136
2017-06-29 06:57	368	136
2017-06-29 06:57	363	136
2017-06-29 06:58	359	136
2017-06-29 06:59	364	137
2017-06-29 07:00	385	137
2017-06-29 07:00	402	138
2017-06-29 07:01	402	229
2017-06-29 07:02	411	250
2017-06-29 07:03	409	254
2017-06-29 07:03	404	255
2017-06-29 07:04	405	255
2017-06-29 07:05	411	255
2017-06-29 07:06	729	256
2017-06-29 07:06	790	257
2017-06-29 07:07	800	258
2017-06-29 07:08	802	259
2017-06-29 07:09	804	260
2017-06-29 07:09	805	261
2017-06-29 07:10	805	264
2017-06-29 07:11	805	265
2017-06-29 07:12	803	268
2017-06-29 07:12	803	268
2017-06-29 07:13	804	269
2017-06-29 07:14	804	267
2017-06-29 07:15	803	268
2017-06-29 07:15	804	269
2017-06-29 07:16	803	267
2017-06-29 07:17	802	266
2017-06-29 07:18	802	265
2017-06-29 07:18	803	265
2017-06-29 07:19	801	263
2017-06-29 07:20	800	260
2017-06-29 07:21	800	258
2017-06-29 07:21	799	257
2017-06-29 07:22	800	257
2017-06-29 07:23	799	256
2017-06-29 07:24	799	259
2017-06-29 07:25	799	259
2017-06-29 07:25	803	258
2017-06-29 07:26	494	258
2017-06-29 07:27	496	258
2017-06-29 07:28	494	259
2017-06-29 07:28	492	259
2017-06-29 07:29	496	261
2017-06-29 07:30	488	261
2017-06-29 07:31	482	262
2017-06-29 07:31	485	262
2017-06-29 07:32	493	263
2017-06-29 07:33	499	264
2017-06-29 07:34	512	266
2017-06-29 07:34	516	268
2017-06-29 07:35	529	270
2017-06-29 07:36	526	271
2017-06-29 07:37	519	271
2017-06-29 07:37	519	270
2017-06-29 07:38	507	267
2017-06-29 07:39	493	264
2017-06-29 07:40	493	264
2017-06-29 07:40	765	263
2017-06-29 07:41	804	262
2017-06-29 07:42	809	261
2017-06-29 07:43	808	260
2017-06-29 07:43	806	260
2017-06-29 07:44	807	259
2017-06-29 07:45	807	257
2017-06-29 07:46	804	256
2017-06-29 07:46	801	255
2017-06-29 07:47	799	253
2017-06-29 07:48	798	253
2017-06-29 07:49	795	252
2017-06-29 07:49	791	252
2017-06-29 07:50	791	252
2017-06-29 07:51	790	782
2017-06-29 07:52	788	808
2017-06-29 07:52	786	815
2017-06-29 07:53	787	815
2017-06-29 07:54	788	811
2017-06-29 07:55	788	805
2017-06-29 07:55	788	801
2017-06-29 07:56	788	799
2017-06-29 07:57	787	796
2017-06-29 07:58	786	793
2017-06-29 07:58	786	792
2017-06-29 07:59	785	791
2017-06-29 08:00	785	789
2017-06-29 08:01	431	789
2017-06-29 08:01	431	790
2017-06-29 08:02	438	795
2017-06-29 08:03	452	797
2017-06-29 08:04	464	798
2017-06-29 08:04	468	798
2017-06-29 08:05	470	798
2017-06-29 08:06	474	798
2017-06-29 08:07	467	798
2017-06-29 08:07	461	796
2017-06-29 08:08	453	796
2017-06-29 08:09	451	801
2017-06-29 08:10	448	801
2017-06-29 08:10	444	801
2017-06-29 08:11	446	801
2017-06-29 08:12	454	800
2017-06-29 08:13	468	800
2017-06-29 08:13	474	800
2017-06-29 08:14	471	799
2017-06-29 08:15	469	799
2017-06-29 08:16	465	799
2017-06-29 08:16	457	799
2017-06-29 08:17	451	794
2017-06-29 08:18	448	798
2017-06-29 08:19	444	798
2017-06-29 08:19	442	797
2017-06-29 08:20	445	796
2017-06-29 08:21	447	797
2017-06-29 08:22	452	797
2017-06-29 08:22	453	797
2017-06-29 08:23	457	797
2017-06-29 08:24	460	799
2017-06-29 08:25	463	800
2017-06-29 08:25	462	799
2017-06-29 08:26	460	799
2017-06-29 08:27	464	801
2017-06-29 08:28	467	802
2017-06-29 08:28	472	801
2017-06-29 08:29	483	800
2017-06-29 08:30	502	801
2017-06-29 08:31	511	801
2017-06-29 08:31	526	801
2017-06-29 08:32	531	800
2017-06-29 08:33	536	801
2017-06-29 08:34	545	802
2017-06-29 08:34	776	802
2017-06-29 08:35	808	802
2017-06-29 08:36	814	802
2017-06-29 08:37	816	802
2017-06-29 08:37	815	802
2017-06-29 08:38	814	802
2017-06-29 08:39	813	802
2017-06-29 08:40	813	801
2017-06-29 08:40	810	802
2017-06-29 08:41	808	800
2017-06-29 08:42	807	799
2017-06-29 08:43	805	800
2017-06-29 08:43	805	800
2017-06-29 08:44	803	800
2017-06-29 08:45	801	799
2017-06-29 08:46	800	801
2017-06-29 08:46	801	800
2017-06-29 08:47	800	799
2017-06-29 08:48	799	796
2017-06-29 08:49	800	797
2017-06-29 08:49	801	794
2017-06-29 08:50	798	797
2017-06-29 08:51	799	795
2017-06-29 08:52	778	795
2017-06-29 08:52	781	797
2017-06-29 08:53	783	797
2017-06-29 08:54	784	798
2017-06-29 08:55	784	799
2017-06-29 08:55	780	797
2017-06-29 08:56	783	796
2017-06-29 08:57	784	797
2017-06-29 08:58	775	797
2017-06-29 08:58	785	797
2017-06-29 08:59	793	796
2017-06-29 09:00	793	796
2017-06-29 09:01	792	797
2017-06-29 09:01	790	796
2017-06-29 09:02	790	796
2017-06-29 09:03	787	795
2017-06-29 09:04	784	795
2017-06-29 09:04	788	797
2017-06-29 09:05	790	796
2017-06-29 09:06	790	797
2017-06-29 09:07	791	797
2017-06-29 09:07	793	797
2017-06-29 09:08	793	797
2017-06-29 09:09	789	798
2017-06-29 09:10	788	797
2017-06-29 09:10	790	797
2017-06-29 09:11	791	797
2017-06-29 09:12	791	797
2017-06-29 09:13	800	798
2017-06-29 09:13	791	797
2017-06-29 09:14	798	799
2017-06-29 09:15	798	799
2017-06-29 09:16	799	799
2017-06-29 09:16	800	799
2017-06-29 09:17	799	799
2017-06-29 09:18	799	798
2017-06-29 09:19	785	797
2017-06-29 09:19	801	799
2017-06-29 09:20	804	799
2017-06-29 09:21	803	477
2017-06-29 09:22	800	805
2017-06-29 09:22	796	807
2017-06-29 09:23	783	807
2017-06-29 09:24	791	808
2017-06-29 09:25	799	809
2017-06-29 09:25	801	808
2017-06-29 09:26	802	809
2017-06-29 09:27	804	811
2017-06-29 09:28	807	812
2017-06-29 09:28	809	812
2017-06-29 09:29	812	813
2017-06-29 09:30	813	813
2017-06-29 09:31	814	813
2017-06-29 09:31	816	813
2017-06-29 09:32	817	813
2017-06-29 09:33	818	811
2017-06-29 09:34	818	811
2017-06-29 09:34	817	811
2017-06-29 09:35	815	811
2017-06-29 09:36	815	812
2017-06-29 09:37	814	812
2017-06-29 09:37	814	810
2017-06-29 09:38	816	812
2017-06-29 09:39	816	813
2017-06-29 09:40	816	813
2017-06-29 09:40	811	814
2017-06-29 09:41	809	814
2017-06-29 09:42	806	813
2017-06-29 09:43	805	812
2017-06-29 09:43	806	811
2017-06-29 09:44	807	811
2017-06-29 09:45	806	812
2017-06-29 09:46	807	812
2017-06-29 09:46	805	813
2017-06-29 09:47	804	813
2017-06-29 09:48	802	813
2017-06-29 09:49	800	813
2017-06-29 09:49	800	813
2017-06-29 09:50	803	814
2017-06-29 09:51	804	814
2017-06-29 09:52	802	814
2017-06-29 09:52	803	814
2017-06-29 09:53	805	814
2017-06-29 09:54	808	814
2017-06-29 09:55	809	813
2017-06-29 09:55	808	814
2017-06-29 09:56	809	815
2017-06-29 09:57	809	815
2017-06-29 09:58	812	814
2017-06-29 09:58	813	814
2017-06-29 09:59	816	814
2017-06-29 10:00	819	815
2017-06-29 10:01	820	815
2017-06-29 10:01	820	815
2017-06-29 10:02	819	814
2017-06-29 10:03	821	813
2017-06-29 10:04	822	818
2017-06-29 10:04	824	818
2017-06-29 10:05	825	816
2017-06-29 10:06	821	816
2017-06-29 10:07	814	816
2017-06-29 10:07	811	816
2017-06-29 10:08	811	815
2017-06-29 10:09	813	815
2017-06-29 10:10	812	815
2017-06-29 10:10	809	814
2017-06-29 10:11	806	815
2017-06-29 10:12	806	815
2017-06-29 10:13	806	814
2017-06-29 10:13	806	815
2017-06-29 10:14	805	815
2017-06-29 10:15	796	815
2017-06-29 10:16	778	816
2017-06-29 10:16	777	816
2017-06-29 10:17	774	816
2017-06-29 10:18	773	817
2017-06-29 10:19	773	817
2017-06-29 10:19	772	817
2017-06-29 10:20	776	818
2017-06-29 10:21	782	818
2017-06-29 10:22	782	818
2017-06-29 10:22	784	818
2017-06-29 10:23	784	817
2017-06-29 10:24	788	818
2017-06-29 10:25	791	818
2017-06-29 10:26	793	817
2017-06-29 10:26	796	816
2017-06-29 10:27	796	815
2017-06-29 10:28	796	817
2017-06-29 10:29	794	816
2017-06-29 10:29	790	816
2017-06-29 10:30	790	816
2017-06-29 10:31	790	816
2017-06-29 10:32	789	818
2017-06-29 10:32	789	816
2017-06-29 10:33	790	817
2017-06-29 10:34	791	815
2017-06-29 10:35	791	816
2017-06-29 10:35	792	815
2017-06-29 10:36	793	816
2017-06-29 10:37	792	815
2017-06-29 10:38	790	816
2017-06-29 10:38	791	815
2017-06-29 10:39	789	815
2017-06-29 10:40	790	815
2017-06-29 10:41	790	816
2017-06-29 10:41	789	813
2017-06-29 10:42	789	814
2017-06-29 10:43	789	813
2017-06-29 10:44	789	813
2017-06-29 10:44	788	814
2017-06-29 10:45	789	814
2017-06-29 10:46	789	814
2017-06-29 10:47	792	814
2017-06-29 10:47	792	814
2017-06-29 10:48	795	815
2017-06-29 10:49	795	814
2017-06-29 10:50	796	778
2017-06-29 10:50	584	815
2017-06-29 10:51	583	815
2017-06-29 10:52	577	815
2017-06-29 10:53	568	815
2017-06-29 10:53	766	815
2017-06-29 10:54	786	815
2017-06-29 10:55	796	815
2017-06-29 10:56	800	815
2017-06-29 10:56	803	815
2017-06-29 10:57	805	814
2017-06-29 10:58	805	815
2017-06-29 10:59	804	815
2017-06-29 10:59	802	815
2017-06-29 11:00	799	815
2017-06-29 11:01	797	814
2017-06-29 11:02	796	814
2017-06-29 11:02	793	813
2017-06-29 11:03	792	814
2017-06-29 11:04	791	814
2017-06-29 11:05	792	814
2017-06-29 11:05	791	814
2017-06-29 11:06	786	813
2017-06-29 11:07	785	814
2017-06-29 11:08	785	815
2017-06-29 11:08	785	815
2017-06-29 11:09	786	815
2017-06-29 11:10	786	816
2017-06-29 11:11	785	816
2017-06-29 11:11	787	816
2017-06-29 11:12	789	816
2017-06-29 11:13	792	816
2017-06-29 11:14	795	816
2017-06-29 11:14	795	815
2017-06-29 11:15	796	815
2017-06-29 11:16	797	815
2017-06-29 11:17	801	817
2017-06-29 11:17	799	817
2017-06-29 11:18	798	816
2017-06-29 11:19	795	816
2017-06-29 11:20	795	817
2017-06-29 11:20	793	817
2017-06-29 11:21	793	816
2017-06-29 11:22	793	816
2017-06-29 11:23	796	817
2017-06-29 11:23	798	816
2017-06-29 11:24	799	816
2017-06-29 11:25	802	816
2017-06-29 11:26	803	816
2017-06-29 11:26	805	816
2017-06-29 11:27	806	816
2017-06-29 11:28	807	817
2017-06-29 11:29	807	815
2017-06-29 11:29	785	815
2017-06-29 11:30	786	815
2017-06-29 11:31	787	815
2017-06-29 11:32	781	816
2017-06-29 11:32	781	816
2017-06-29 11:33	782	817
2017-06-29 11:34	785	817
2017-06-29 11:35	787	817
2017-06-29 11:35	788	817
2017-06-29 11:36	791	817
2017-06-29 11:37	799	817
2017-06-29 11:38	805	816
2017-06-29 11:38	808	817
2017-06-29 11:39	812	817
2017-06-29 11:40	815	816
2017-06-29 11:41	819	815
2017-06-29 11:41	821	817
2017-06-29 11:42	822	817
2017-06-29 11:43	819	816
2017-06-29 11:44	818	817
2017-06-29 11:44	815	817
2017-06-29 11:45	811	816
2017-06-29 11:46	811	817
2017-06-29 11:47	809	816
2017-06-29 11:47	809	817
2017-06-29 11:48	810	817
2017-06-29 11:49	810	817
2017-06-29 11:50	812	815
2017-06-29 11:50	815	816
2017-06-29 11:51	812	816
2017-06-29 11:52	810	816
2017-06-29 11:53	807	815
2017-06-29 11:53	805	816
2017-06-29 11:54	804	815
2017-06-29 11:55	800	816
2017-06-29 11:56	795	816
2017-06-29 11:56	790	817
2017-06-29 11:57	785	818
2017-06-29 11:58	785	817
2017-06-29 11:59	785	818
2017-06-29 11:59	784	819
2017-06-29 12:00	788	818
2017-06-29 12:01	790	819
2017-06-29 12:02	794	819
2017-06-29 12:02	796	818
2017-06-29 12:03	798	818
2017-06-29 12:04	794	817
2017-06-29 12:05	792	817
2017-06-29 12:05	788	816
2017-06-29 12:06	784	815
2017-06-29 12:07	780	817
2017-06-29 12:08	776	818
2017-06-29 12:08	774	816
2017-06-29 12:09	775	817
2017-06-29 12:10	775	817
2017-06-29 12:11	776	816
2017-06-29 12:11	778	816
2017-06-29 12:12	778	815
2017-06-29 12:13	780	816
2017-06-29 12:14	780	816
2017-06-29 12:14	779	816
2017-06-29 12:15	777	816
2017-06-29 12:16	777	816
2017-06-29 12:17	779	815
2017-06-29 12:17	773	815
2017-06-29 12:18	774	814
2017-06-29 12:19	773	814
2017-06-29 12:20	774	814
2017-06-29 12:20	775	814
2017-06-29 12:21	778	814
2017-06-29 12:22	789	815
2017-06-29 12:23	795	816
2017-06-29 12:23	795	818
2017-06-29 12:24	803	819
2017-06-29 12:25	807	818
2017-06-29 12:26	810	818
2017-06-29 12:26	812	817
2017-06-29 12:27	815	817
2017-06-29 12:28	818	817
2017-06-29 12:29	818	816
2017-06-29 12:29	817	817
2017-06-29 12:30	815	818
2017-06-29 12:31	813	818
2017-06-29 12:32	811	817
2017-06-29 12:32	810	817
2017-06-29 12:33	810	818
2017-06-29 12:34	811	817
2017-06-29 12:35	811	817
2017-06-29 12:35	809	815
2017-06-29 12:36	808	815
2017-06-29 12:37	807	816
2017-06-29 12:38	806	816
2017-06-29 12:38	805	815
2017-06-29 12:39	804	814
2017-06-29 12:40	803	815
2017-06-29 12:41	804	815
2017-06-29 12:41	804	814
2017-06-29 12:42	618	813
2017-06-29 12:43	612	814
2017-06-29 12:44	607	815
2017-06-29 12:44	605	814
2017-06-29 12:45	600	814
2017-06-29 12:46	597	814
2017-06-29 12:47	592	814
2017-06-29 12:47	596	814
2017-06-29 12:48	602	814
2017-06-29 12:49	603	812
2017-06-29 12:50	599	813
2017-06-29 12:50	598	813
2017-06-29 12:51	597	812
2017-06-29 12:52	589	812
2017-06-29 12:53	577	812
2017-06-29 12:53	562	812
2017-06-29 12:54	549	812
2017-06-29 12:55	537	813
2017-06-29 12:56	531	813
2017-06-29 12:56	531	812
2017-06-29 12:57	530	813
2017-06-29 12:58	527	814
2017-06-29 12:59	528	814
2017-06-29 12:59	533	813
2017-06-29 13:00	537	813
2017-06-29 13:01	537	812
2017-06-29 13:02	548	813
2017-06-29 13:02	547	813
2017-06-29 13:03	548	812
2017-06-29 13:04	544	813
2017-06-29 13:05	541	812
2017-06-29 13:05	542	811
2017-06-29 13:06	541	810
2017-06-29 13:07	541	811
2017-06-29 13:08	736	812
2017-06-29 13:08	780	812
2017-06-29 13:09	794	813
2017-06-29 13:10	800	812
2017-06-29 13:11	803	813
2017-06-29 13:11	803	812
2017-06-29 13:12	802	813
2017-06-29 13:13	801	814
2017-06-29 13:14	802	813
2017-06-29 13:14	802	813
2017-06-29 13:15	802	814
2017-06-29 13:16	801	813
2017-06-29 13:17	801	813
2017-06-29 13:17	800	813
2017-06-29 13:18	799	812
2017-06-29 13:19	800	812
2017-06-29 13:20	799	812
2017-06-29 13:20	798	811
2017-06-29 13:21	793	811
2017-06-29 13:22	786	811
2017-06-29 13:23	781	812
2017-06-29 13:23	778	813
2017-06-29 13:24	774	812
2017-06-29 13:25	771	812
2017-06-29 13:26	766	812
2017-06-29 13:26	761	811
2017-06-29 13:27	758	810
2017-06-29 13:28	758	810
2017-06-29 13:29	758	810
2017-06-29 13:29	758	809
2017-06-29 13:30	758	810
2017-06-29 13:31	759	810
2017-06-29 13:32	762	811
2017-06-29 13:32	765	811
2017-06-29 13:33	767	812
2017-06-29 13:34	769	813
2017-06-29 13:35	769	814
2017-06-29 13:35	768	814
2017-06-29 13:36	766	814
2017-06-29 13:37	767	813
2017-06-29 13:38	767	813
2017-06-29 13:38	770	813
2017-06-29 13:39	772	814
2017-06-29 13:40	776	811
2017-06-29 13:41	780	813
2017-06-29 13:41	783	812
2017-06-29 13:42	785	814
2017-06-29 13:43	788	814
2017-06-29 13:44	790	814
2017-06-29 13:44	790	814
2017-06-29 13:45	800	813
2017-06-29 13:46	811	813
2017-06-29 13:47	816	813
2017-06-29 13:47	816	811
2017-06-29 13:48	812	810
2017-06-29 13:49	811	812
2017-06-29 13:50	812	813
2017-06-29 13:50	809	812
2017-06-29 13:51	807	812
2017-06-29 13:52	804	812
2017-06-29 13:53	822	813
2017-06-29 13:53	823	812
2017-06-29 13:54	823	811
2017-06-29 13:55	823	814
2017-06-29 13:56	824	812
2017-06-29 13:56	824	813
2017-06-29 13:57	824	814
2017-06-29 13:58	823	813
2017-06-29 13:59	824	813
2017-06-29 13:59	826	812
2017-06-29 14:00	826	812
2017-06-29 14:01	826	812
2017-06-29 14:02	827	811
2017-06-29 14:02	827	811
2017-06-29 14:03	827	811
2017-06-29 14:04	829	811
2017-06-29 14:05	780	810
2017-06-29 14:05	818	810
2017-06-29 14:06	813	810
2017-06-29 14:07	808	811
2017-06-29 14:08	805	811
